Type,Code,Area,All Residents,Age 0 to 4,Age 5 to 9,Age 10 to 14,Age 15 to 19,Age 20 to 24,Age 25 to 29,Age 30 to 34,Age 35 to 39,Age 40 to 44,Age 45 to 49,Age 50 to 54,Age 55 to 59,Age 60 to 64,Age 65 to 69,Age 70 to 74,Age 75 to 79,Age 80 to 84,Age 85 to 89,Age 90 and Over
Country,K02000001,United Kingdom,63182175,3913932,3516698,3669311,3996426,4297158,4306308,4125454,4194421,4625637,4643071,4094427,3614087,3807952,3017482,2462751,2006005,1604771,846836,439248
Country,K04000001,England and Wales,56075912,3496750,3135711,3258677,3539385,3807245,3836609,3683915,3732161,4099089,4100526,3601694,3183915,3377162,2674161,2178672,1777547,1338005,825671,429017
Country,E92000001,England,53012456,3318449,2972632,3080929,3340265,3595321,3650881,3509221,3549116,3885934,3879815,3400095,2996992,3172277,2508154,2044129,1669345,1258773,776311,403817
Country,W92000004,Wales,3063456,178301,163079,177748,199120,211924,185728,174694,183045,213155,220711,201599,186923,204885,166007,134543,108202,79232,49360,25200
Country,N92000002,Northern Ireland,1810863,124382,111287,119034,126241,126013,124099,119839,122260,131848,131645,116933,99272,94290,82121,63479,50358,36366,21165,10231
Country,S92000003,Scotland,5295400,292800,269700,291600,330800,363900,345600,321700,340000,394700,410900,375800,330900,336500,261200,220600,178100,230400,,
England Region,E12000001,North East,2596886,149843,136299,145045,169440,184018,164303,151152,157149,183232,196020,181379,160945,168576,128511,110731,89861,65002,37546,17834
England Region,E12000002,North West,7052177,432091,392166,412407,456837,489640,466582,429685,450049,514802,522351,465140,409628,439644,342240,285502,227350,167246,99316,49501
England Region,E12000003,Yorkshire and The Humber,5283733,328447,297475,306096,348645,382679,347304,321328,337891,382902,381984,343804,305278,325329,252608,211241,170823,125598,75868,38433
England Region,E12000004,East Midlands,4533222,270174,247564,264538,295914,307676,278581,267803,291852,335883,340232,298725,269931,291401,232160,182553,146526,110043,67862,33804
England Region,E12000005,West Midlands,5601847,354801,327060,340758,369312,380909,363286,343295,360103,406247,404030,351121,319685,335265,279804,225885,181119,135875,82016,41276
England Region,E12000006,East,5846965,361269,328512,345453,358697,352974,362643,363808,387651,432514,435701,380369,340626,372566,294329,237064,198778,151359,93653,48999
England Region,E12000007,London,8173941,591495,482809,456865,471659,629972,832966,796888,664046,610020,556656,461290,371936,342590,256772,216286,176831,131830,80574,42456
England Region,E12000008,South East,8634750,534235,488058,512875,541684,534287,528057,538471,578011,644796,653258,567834,495765,535399,424290,339405,282391,218727,139576,77631
England Region,E12000009,South West,5288935,296094,272689,296892,328077,333166,307159,296791,322364,375538,389583,350433,323198,361507,297440,235462,195666,153093,99900,53883
England County,E13000001,Inner London,3231901,225908,177239,160150,169159,291156,421780,380432,284790,239400,205601,162279,125983,110445,81781,69435,53331,38666,22678,11688
England County,E13000002,Outer London,4942040,365587,305570,296715,302500,338816,411186,416456,379256,370620,351055,299011,245953,232145,174991,146851,123500,93164,57896,30768
England County,E10000002,Buckinghamshire,505283,31832,30939,32552,31168,25974,27607,29919,33913,39565,40464,35538,30419,31242,24689,20001,16317,11932,7287,3925
England County,E10000003,Cambridgeshire,621210,36828,33695,34810,39452,44194,41721,41918,42690,46319,45941,39534,35663,38216,29984,23156,18702,14514,9046,4827
England County,E10000006,Cumbria,499858,25248,24757,27449,29846,25674,26289,25279,28971,37059,38783,36358,33234,38022,30440,24970,19544,14657,8745,4533
England County,E10000007,Derbyshire,769686,41545,40449,44957,47165,40958,41007,41236,49289,60536,61480,53977,49426,54770,44255,33534,26748,19727,12276,6351
England County,E10000008,Devon,746399,37479,36332,40518,45408,42929,36415,35776,40326,50468,54882,50689,49122,57629,48512,37908,31230,25016,16645,9115
England County,E10000009,Dorset,412905,19333,19843,23023,24122,19450,17091,17834,21649,27441,30262,28329,27179,33204,28667,23323,20114,15978,10435,5628
England County,E10000011,East Sussex,526671,27456,27064,30390,31435,26479,25818,24779,29290,36694,39399,35389,33193,39522,32496,26270,22607,18524,12349,7517
England County,E10000012,Essex,1393587,81796,77591,83001,85781,79047,78007,80807,90394,104659,105594,93174,83807,94496,74107,59216,49440,37486,22971,12213
England County,E10000013,Gloucestershire,596984,33438,31540,34479,37131,34958,33994,33384,37985,44670,45835,41219,37257,39739,32393,25817,20823,16153,10671,5498
England County,E10000014,Hampshire,1317788,77307,73264,78870,80021,71399,71087,73961,86557,98543,103845,91735,79748,88079,70645,56319,46487,35685,22233,12003
England County,E10000015,Hertfordshire,1116062,74066,66356,68824,69061,65239,69805,74806,80330,86627,87689,74558,62307,62479,47985,39605,34818,26430,16520,8557
England County,E10000016,Kent,1463740,89076,84147,91396,95986,87679,83297,82634,91695,108557,109558,95436,85489,96484,76787,60730,49532,38416,23683,13158
England County,E10000017,Lancashire,1171339,68591,63565,67883,76882,78594,68819,64773,72259,84843,86856,78044,70457,78580,62571,50796,40321,30056,18380,9069
England County,E10000018,Leicestershire,650489,36154,35046,38100,43299,40925,35050,35140,41520,49921,50870,44246,40427,44354,34776,27015,21852,16584,10182,5028
England County,E10000019,Lincolnshire,713653,37351,35086,40470,43924,41556,38933,36824,41376,50290,53444,48417,45350,52781,44819,35454,27887,20880,12467,6344
England County,E10000020,Norfolk,857888,46531,41657,46376,50614,51984,49508,45741,50051,58497,60565,54784,53061,63288,53038,43088,35842,27449,17068,8746
England County,E10000021,Northamptonshire,691952,46012,41194,42030,42500,39694,43619,44031,48791,53801,53602,45481,40757,44404,33333,24796,19402,14533,9252,4720
England County,E10000023,North Yorkshire,598376,31040,30849,34410,36059,31394,29923,28635,34683,43596,47321,42989,39656,44622,36205,29129,23455,17621,10891,5898
England County,E10000024,Nottinghamshire,785802,45259,41747,45750,47854,44562,44051,44449,50612,60052,61832,54750,49328,53109,43187,34034,27131,19942,12268,5885
England County,E10000025,Oxfordshire,653798,41056,36031,37335,42476,47593,46830,43631,43858,47791,48193,41266,35982,38014,30156,24266,19686,14951,9523,5160
England County,E10000027,Somerset,529972,28717,27487,31309,33308,28035,26508,25582,29831,37325,39650,36477,34776,39307,32125,25338,20910,16678,10853,5756
England County,E10000028,Staffordshire,848489,46089,44845,48881,52783,50940,47000,45933,53891,64827,65623,57999,53599,59225,49287,38502,29279,20999,12496,6291
England County,E10000029,Suffolk,728163,42226,39496,42304,42908,40513,42682,40914,44329,51720,52638,47384,44404,51606,41820,33421,27630,21440,13374,7354
England County,E10000030,Surrey,1132390,71306,65841,67566,67676,61519,62154,71859,81033,87659,89727,76646,65559,69379,54273,43566,37650,28934,19135,10908
England County,E10000031,Warwickshire,545474,31364,29180,31267,32485,32734,32277,32038,36064,40816,42004,36566,33291,36117,30654,23172,18257,14031,8663,4494
England County,E10000032,West Sussex,806892,46486,43179,45733,45967,41088,44020,46098,50890,59503,60793,53986,48229,54345,44859,37003,31993,26149,16931,9640
England County,E10000034,Worcestershire,566169,31106,30013,32513,34474,30918,30883,30877,35633,42152,42871,38089,36865,40688,33081,25540,20310,15271,9760,5125
England and Wales District,E09000001,City of London,7375,236,182,169,197,545,956,820,598,627,600,471,476,463,329,258,185,146,75,42
England and Wales District,E09000002,Barking and Dagenham,185911,18676,14331,12757,12585,13053,14971,15241,14506,13716,12216,10012,7727,6799,4950,4326,3779,3203,2102,961
England and Wales District,E09000003,Barnet,356386,26239,22352,21293,20580,23913,31425,30171,27104,26589,23979,20848,17549,16912,13326,10397,9034,7000,4785,2890
England and Wales District,E09000004,Bexley,231997,15182,14015,15018,15828,14832,14041,14473,14992,17681,17994,15495,12439,12795,9916,8779,7481,5927,3403,1706
England and Wales District,E09000005,Brent,311215,22446,18648,17942,18589,24198,34698,30190,24324,21774,20546,18473,14443,12268,9580,8364,6684,4453,2408,1187
England and Wales District,E09000006,Bromley,309392,20095,18061,18612,17912,16119,17887,21064,22214,24854,24312,20684,17049,18492,14177,11593,10224,8228,5086,2729
England and Wales District,E09000007,Camden,220338,13168,10898,9594,12523,21863,25923,24427,19169,15977,13244,10958,9362,9255,7306,5631,4442,3455,2048,1095
England and Wales District,E09000008,Croydon,363378,27972,23096,23130,23566,23591,27692,28642,26693,27104,28528,23071,18889,17029,12587,10568,8920,6398,3881,2021
England and Wales District,E09000009,Ealing,338449,25426,20385,19043,18673,24552,33998,33577,28371,25498,22877,19007,16619,14196,10387,9032,7268,4884,3023,1633
England and Wales District,E09000010,Enfield,312466,24513,20930,20305,20511,21726,24957,24129,22210,23846,22897,18969,14988,13652,11164,9228,7620,5539,3449,1833
England and Wales District,E09000011,Greenwich,254557,20945,16325,14984,16061,19987,22113,25213,21254,19118,17134,14052,11083,10172,7495,6180,4939,3753,2452,1297
England and Wales District,E09000012,Hackney,246270,19149,15360,13878,13410,21685,33838,30077,21335,17393,15098,11525,8856,7271,5303,4370,3430,2345,1324,623
England and Wales District,E09000013,Hammersmith and Fulham,182493,11900,8559,7621,7916,17279,26021,22008,17182,13669,11414,8703,7131,6677,5011,4091,3035,2265,1297,714
England and Wales District,E09000014,Haringey,254926,18112,15775,15234,14253,18835,28062,28539,22684,20135,17656,13416,10613,9243,6680,5895,4506,2867,1576,845
England and Wales District,E09000015,Harrow,239056,15916,14421,14590,15104,16066,19345,19608,17112,16638,16338,15157,13084,12010,9372,8048,6726,4933,2982,1606
England and Wales District,E09000016,Havering,237232,13661,13230,14365,15358,14976,14662,14484,14734,17071,17659,16520,13674,14561,11053,9508,8719,6941,4196,1860
England and Wales District,E09000017,Hillingdon,273936,19704,16915,16877,19033,21934,20878,21507,20012,19679,19341,16567,13525,12786,9635,8426,7246,5179,3036,1656
England and Wales District,E09000018,Hounslow,253957,19725,14899,13945,14677,18612,26231,25465,21144,18144,16704,14502,12205,10845,7916,6676,5297,3685,2220,1065
England and Wales District,E09000019,Islington,206125,12289,9583,9118,10800,20453,29744,24867,17490,15076,13367,10173,7901,7228,5395,4490,3478,2542,1443,688
England and Wales District,E09000020,Kensington and Chelsea,158649,9189,7614,6442,6475,11322,16602,18345,14400,12432,11376,9475,7686,8176,6271,4657,3262,2458,1539,928
England and Wales District,E09000021,Kingston upon Thames,160060,10964,8966,8541,9864,13505,12358,13356,13407,12157,11126,9504,7972,7982,5694,4547,3753,3022,2136,1206
England and Wales District,E09000022,Lambeth,303086,20701,16376,14754,14058,26702,43135,37005,27198,23088,20897,15601,11372,9012,6623,5994,4438,3287,1936,909
England and Wales District,E09000023,Lewisham,275885,22004,16665,15268,16127,20883,26465,28663,24213,21919,20481,15750,11523,9789,7284,6357,5113,3900,2271,1210
England and Wales District,E09000024,Merton,199693,14830,11407,10474,10409,12452,19877,20904,17255,15504,14039,11294,9349,8777,6374,5506,4524,3441,2105,1172
England and Wales District,E09000025,Newham,307984,25384,20834,19587,20411,32586,40437,31895,23485,21222,17479,14731,10807,8533,5992,5469,4055,2741,1567,769
England and Wales District,E09000026,Redbridge,278970,21666,18924,18579,17937,18894,23814,23935,20642,19654,18561,16456,13945,12578,9165,7652,6449,5104,3225,1790
England and Wales District,E09000027,Richmond upon Thames,186990,14038,11107,9827,9085,9145,12546,16026,17433,15937,14536,11805,10067,10142,7406,5617,4525,3709,2503,1536
England and Wales District,E09000028,Southwark,288283,20739,15562,14097,15966,26996,35725,32297,25299,22926,20121,16070,11084,9072,6547,5432,4271,3195,1949,935
England and Wales District,E09000029,Sutton,190146,12750,11095,11673,11487,10657,13185,14303,14737,15413,14928,12274,10045,10366,7563,6222,5345,4103,2637,1363
England and Wales District,E09000030,Tower Hamlets,254096,18750,15531,13202,14623,30818,40157,33028,21539,15678,11778,9736,7823,5863,4140,4029,3204,2407,1256,534
England and Wales District,E09000031,Waltham Forest,258249,20839,16463,14760,15241,20604,26508,24168,21112,20243,17340,14321,11301,9783,7231,6182,4967,3662,2267,1257
England and Wales District,E09000032,Wandsworth,306995,21670,14574,12521,12403,23699,47217,41740,29521,22542,18100,14088,11351,10658,7710,6745,5126,3637,2355,1338
England and Wales District,E09000033,Westminster,219396,12617,9726,8665,9997,17490,27498,26721,20677,16716,13990,11582,9998,9205,7190,6017,4786,3421,2042,1058
England and Wales District,E06000001,Hartlepool,92028,5698,5192,5653,6278,5955,5622,5033,5373,6463,7267,6464,5595,5837,4236,3938,3327,2241,1323,533
England and Wales District,E06000002,Middlesbrough,138412,9431,8276,8485,10064,11690,9765,8295,8135,8984,9899,9233,7933,7531,5680,5153,4278,3115,1658,807
England and Wales District,E06000003,Redcar and Cleveland,135177,7553,7098,7803,8835,8092,7628,6987,7654,9479,10398,9429,8458,9511,7776,6642,5017,3704,2133,980
England and Wales District,E06000004,Stockton-on-Tees,191610,12322,10973,11457,12819,12651,12602,11445,12003,14087,14644,13399,11609,11648,8745,7357,6089,4279,2429,1052
England and Wales District,E06000005,Darlington,105564,6579,6074,6224,6408,6071,6607,6429,6847,7641,7994,7258,6308,6685,5205,4512,3526,2646,1740,810
England and Wales District,E06000006,Halton,125746,8354,7383,7577,8082,8024,8141,7666,8304,9034,9280,8768,8144,8508,5765,4605,3600,2532,1349,630
England and Wales District,E06000007,Warrington,202228,12309,11555,12296,12507,12088,12503,12185,14120,16022,16591,13569,11828,12441,9980,8218,6007,4287,2498,1224
England and Wales District,E06000008,Blackburn with Darwen,147489,11278,10478,10322,10218,9718,10951,9907,10137,10818,9901,8934,7882,7884,5689,4667,3659,2701,1547,798
England and Wales District,E06000009,Blackpool,142065,8218,7436,8052,8648,8529,8580,7756,8609,10489,11025,9654,8415,9415,7729,6624,5238,3910,2431,1307
England and Wales District,E06000010,"Kingston upon Hull, City of",256406,17358,13974,13944,17416,24040,20274,17303,17229,17576,18022,15949,13746,13844,9635,8666,7322,5466,3166,1476
England and Wales District,E06000011,East Riding of Yorkshire,334179,16400,16630,18625,20396,15779,15073,15931,20033,24381,26056,23938,22412,27070,21068,17648,13951,9769,5947,3072
England and Wales District,E06000012,North East Lincolnshire,159616,10005,8966,9264,10271,10521,9987,8703,9769,11330,11973,10683,9621,10236,7815,6918,5712,4101,2469,1272
England and Wales District,E06000013,North Lincolnshire,167446,10282,9377,9550,10155,9522,9969,9114,10180,12373,12862,11649,10922,11452,9017,7246,5771,4241,2542,1222
England and Wales District,E06000014,York,198051,10677,9348,9712,14097,19746,14159,12552,12510,13756,13697,12017,10649,11716,9122,7807,6589,5040,3200,1657
England and Wales District,E06000015,Derby,248752,17743,14983,14857,16728,20069,18211,16563,16723,18012,17620,14612,12376,12586,10169,8715,7568,5972,3564,1681
England and Wales District,E06000016,Leicester,329839,24297,20780,20162,24490,35406,29571,25272,21955,20940,20240,18953,16501,14056,9977,8911,7321,5615,3605,1787
England and Wales District,E06000017,Rutland,37369,1854,1850,2352,2895,1740,1907,1855,2145,2686,2642,2517,2362,2715,2331,1887,1436,1094,719,382
England and Wales District,E06000018,Nottingham,305680,19959,16429,15860,27059,42766,26232,22433,19441,19645,18502,15772,13404,12626,9313,8207,7181,5696,3529,1626
England and Wales District,E06000019,"Herefordshire, County of",183477,9580,9180,10494,10684,9431,9681,9606,10411,12832,14020,12677,12261,13604,11418,9078,7559,5637,3535,1789
England and Wales District,E06000020,Telford and Wrekin,166641,11344,10007,10594,11496,10863,10888,10334,11145,12850,12653,10502,9866,10010,7934,5994,4439,3042,1771,909
England and Wales District,E06000021,Stoke-on-Trent,249008,17092,14189,14260,16035,19089,18156,15829,16113,17810,17353,15534,14009,14721,11616,9368,7480,5639,3296,1419
England and Wales District,E06000022,Bath and North East Somerset,176016,9238,8700,9568,13282,15995,10141,9478,10726,12196,12824,11115,10134,10802,8803,7125,6041,4940,3249,1659
England and Wales District,E06000023,"Bristol, City of",428234,29633,22837,21703,27041,44371,40752,36418,30435,28307,27076,23319,20392,20078,15222,12503,10697,8538,5798,3114
England and Wales District,E06000024,North Somerset,202566,11653,11024,11579,11326,9491,10363,10691,12598,14997,15404,13428,12725,14654,12468,9603,7921,6122,4175,2344
England and Wales District,E06000025,South Gloucestershire,262767,15925,14608,15858,17599,15458,15606,15863,17402,20709,21310,17270,15002,15748,13465,10575,8749,6086,3648,1886
England and Wales District,E06000026,Plymouth,256384,15336,12947,13645,17804,24343,18888,15402,15537,17723,17582,16367,13955,15140,12156,9843,8120,5978,3639,1979
England and Wales District,E06000027,Torbay,130959,6690,6277,7092,7569,6779,6700,6140,7060,8855,9547,8809,8418,10169,8594,6970,5804,4415,3190,1881
England and Wales District,E06000028,Bournemouth,183491,10275,7861,8399,11390,17130,14935,14309,12392,12369,12284,10361,9285,10190,8048,6613,6149,5355,3834,2312
England and Wales District,E06000029,Poole,147645,8450,7583,7924,8620,8180,8712,8835,9331,10689,11078,9486,8771,9828,8011,6552,5808,4868,3167,1752
England and Wales District,E06000030,Swindon,209156,14083,12273,12433,12424,12859,15075,15172,16297,16869,16371,13822,11634,10990,8453,6707,5633,4266,2616,1179
England and Wales District,E06000031,Peterborough,183631,13904,11424,11349,11498,12502,15046,14112,12914,13289,12677,11014,9642,9382,6909,5792,5026,3803,2258,1090
England and Wales District,E06000032,Luton,203201,16592,14221,13211,13561,16621,18812,16064,14066,13796,13538,11225,9267,8346,6542,6102,5032,3408,1877,920
England and Wales District,E06000033,Southend-on-Sea,173658,11213,9498,10194,10184,9832,11282,11623,12223,13083,12755,10887,9667,10419,8468,6716,5779,4769,3223,1843
England and Wales District,E06000034,Thurrock,157705,12005,10231,9949,9853,9804,11162,11808,12200,12558,11535,9453,8387,8739,5996,4742,3784,2873,1844,782
England and Wales District,E06000035,Medway,263925,17224,15967,16765,19031,19041,17581,17246,17313,19762,19699,17205,14632,15454,11597,9055,6997,4949,2915,1492
England and Wales District,E06000036,Bracknell Forest,113205,8027,6745,7082,7231,6349,7721,8414,8792,9425,9181,7911,6347,5833,4213,3307,2789,1953,1247,638
England and Wales District,E06000037,West Berkshire,153822,10065,9017,9914,9633,7341,8506,9306,11109,12595,12486,10965,9506,9753,7406,5543,4337,3253,2065,1022
England and Wales District,E06000038,Reading,155698,11937,8556,7968,9809,14574,15113,15244,12158,11104,9910,8269,6851,6373,4902,4156,3396,2736,1704,938
England and Wales District,E06000039,Slough,140205,12777,9994,9034,8574,9574,13351,14201,11608,10093,8993,7631,6391,5160,3536,3101,2626,1879,1103,579
England and Wales District,E06000040,Windsor and Maidenhead,144560,9365,8584,8863,8343,7111,8841,9678,10626,11645,11195,9379,8161,8692,6943,5481,4617,3547,2243,1246
England and Wales District,E06000041,Wokingham,154380,10031,9551,9740,9487,7428,8071,9782,11499,12460,12780,11173,9163,9426,7337,5715,4637,3154,1896,1050
England and Wales District,E06000042,Milton Keynes,248821,19908,16468,15805,14720,14056,19596,20960,19498,19090,17930,16011,14099,13169,8872,6595,4884,3610,2371,1179
England and Wales District,E06000043,Brighton and Hove,273369,15015,13291,13412,18039,28129,22998,21959,21789,21905,20443,15345,12638,12714,9535,7925,6676,5572,3758,2226
England and Wales District,E06000044,Portsmouth,205056,13548,11031,10927,15956,22761,16991,13860,13384,14280,13848,11926,9312,9820,7655,6206,5210,4000,2792,1549
England and Wales District,E06000045,Southampton,236882,15407,11847,11555,17942,29384,21785,18600,15686,14602,14797,12716,10839,10946,8647,6796,5902,4759,3084,1588
England and Wales District,E06000046,Isle of Wight,138265,6412,6542,7968,8190,6808,6690,6340,7313,9523,10017,9307,9207,10994,9742,7370,6048,4724,3257,1813
England and Wales District,E06000047,County Durham,513242,28574,25659,27869,33267,35155,30628,28133,30498,37519,39537,35713,32950,35395,27874,23009,17850,12785,7321,3506
England and Wales District,E06000048,Northumberland,316028,16003,16345,17677,18464,16224,16187,16121,17907,22128,24842,24121,22172,24533,19062,15304,12249,8769,5233,2687
England and Wales District,E06000049,Cheshire East,370127,20194,19744,21383,22079,18615,19020,19532,24129,28386,29831,26124,23275,26443,21074,16877,13485,10248,6347,3341
England and Wales District,E06000050,Cheshire West and Chester,329608,18050,17443,18737,20105,19511,18796,18085,21296,24677,25698,22851,20573,22686,17832,14950,11683,8704,5215,2716
England and Wales District,E06000051,Shropshire,306129,15698,15632,17915,18951,16619,15619,15405,17790,22163,23574,21004,20160,22300,19059,15153,11709,8971,5571,2836
England and Wales District,E06000052,Cornwall,532273,27366,26073,29972,31800,28357,26373,26702,30276,36620,38486,36853,35543,42611,35224,26543,21397,16349,10218,5510
England and Wales District,E06000053,Isles of Scilly,2203,105,105,114,56,111,135,127,130,170,175,155,142,172,164,107,81,84,37,33
England and Wales District,E06000054,Wiltshire,470981,28373,27199,29276,29197,24720,25471,25078,30389,36130,36817,32734,28863,31246,25135,19935,16189,12267,7725,4237
England and Wales District,E06000055,Bedford,157479,10099,9376,9955,10450,9640,10134,10394,10601,11843,11693,10206,8917,9303,7045,5716,4900,3780,2297,1130
England and Wales District,E06000056,Central Bedfordshire,254381,16009,14967,15480,15335,13598,14484,15621,17853,20123,21076,18150,15504,16292,12435,9510,7825,5407,3175,1537
England and Wales District,E07000004,Aylesbury Vale,174137,11345,10544,11267,10884,8763,9872,10928,12149,14083,14497,12564,10464,10741,7930,6279,4901,3575,2173,1178
England and Wales District,E07000005,Chiltern,92635,5473,5860,6339,5559,3693,3706,4400,5718,7006,7785,7072,5792,6264,5130,4202,3581,2560,1635,860
England and Wales District,E07000006,South Bucks,66867,3931,3817,4090,3897,3114,3414,3464,4057,5202,5412,5002,4233,4283,3437,3115,2477,2001,1234,687
England and Wales District,E07000007,Wycombe,171644,11083,10718,10856,10828,10404,10615,11127,11989,13274,12770,10900,9930,9954,8192,6405,5358,3796,2245,1200
England and Wales District,E07000008,Cambridge,123867,6703,5073,5006,10238,18076,13341,11384,8469,7654,7084,5908,5357,4973,3832,3045,2722,2306,1682,1014
England and Wales District,E07000009,East Cambridgeshire,83818,5506,5016,4812,4554,4110,4895,5629,6080,6562,6476,5478,4924,5469,4239,3301,2735,2132,1244,656
England and Wales District,E07000010,Fenland,95262,5221,4841,5525,5608,5353,5597,5224,5745,6881,6999,6221,6112,6616,5523,4572,3779,2919,1690,836
England and Wales District,E07000011,Huntingdonshire,169508,10098,9704,10361,10318,9507,9805,10239,11605,13498,13587,11759,10325,11402,8875,6614,4890,3567,2186,1168
England and Wales District,E07000012,South Cambridgeshire,148755,9300,9061,9106,8734,7148,8083,9442,10791,11724,11795,10168,8945,9756,7515,5624,4576,3590,2244,1153
England and Wales District,E07000026,Allerdale,96422,4921,4706,5470,5790,4610,4808,4766,5449,7345,7409,6982,6529,7604,5912,4944,3847,2775,1687,868
England and Wales District,E07000027,Barrow-in-Furness,69087,3719,3641,4022,4491,3988,3924,3601,4195,5328,5354,4748,4310,4811,3978,3284,2382,1736,984,591
England and Wales District,E07000028,Carlisle,107524,6064,5515,5702,6590,6536,6685,6090,6721,7762,8138,7813,6764,7247,5665,4721,3908,2919,1782,902
England and Wales District,E07000029,Copeland,70603,3695,3567,3870,4202,3826,3978,3709,4183,5215,5775,5342,4660,5227,4018,3425,2625,1789,1019,478
England and Wales District,E07000030,Eden,52564,2383,2599,2947,2975,2442,2323,2355,2888,3973,4194,3869,3744,4343,3480,2808,2143,1660,978,460
England and Wales District,E07000031,South Lakeland,103658,4466,4729,5438,5798,4272,4571,4758,5535,7436,7913,7604,7227,8790,7387,5788,4639,3778,2295,1234
England and Wales District,E07000032,Amber Valley,122309,6404,6387,7202,7305,6233,6439,6549,8080,9660,9622,8512,7958,9179,7219,5277,4158,3074,1981,1070
England and Wales District,E07000033,Bolsover,75866,4275,4003,4379,4738,4267,4564,4129,4909,6126,5876,5173,4611,5032,4354,3183,2601,1904,1136,606
England and Wales District,E07000034,Chesterfield,103788,5778,5071,6041,6477,5784,6071,5919,6765,7862,8113,7207,6453,6956,5652,4453,3565,2843,1918,860
England and Wales District,E07000035,Derbyshire Dales,71116,3077,3644,4208,4032,3008,2719,2822,3914,5291,5957,5357,5185,6075,4826,3680,2969,2165,1438,749
England and Wales District,E07000036,Erewash,112081,6527,5935,6188,7028,6714,6407,6480,7395,9001,9057,7498,6644,7211,5954,4703,3947,2757,1714,921
England and Wales District,E07000037,High Peak,90892,4961,4891,5487,5755,5059,4643,4635,5627,7329,7668,6758,5979,6431,4945,3697,2905,2154,1262,706
England and Wales District,E07000038,North East Derbyshire,99023,4799,4909,5370,5956,5020,4764,4730,5907,7425,7628,7230,6712,7655,6567,5112,3893,2814,1674,858
England and Wales District,E07000039,South Derbyshire,94611,5724,5609,6082,5874,4873,5400,5972,6692,7842,7559,6242,5884,6231,4738,3429,2710,2016,1153,581
England and Wales District,E07000040,East Devon,132457,5846,6014,7074,7320,5517,5201,5250,6635,8668,9191,8684,8804,10907,9857,8269,6954,5923,4043,2300
England and Wales District,E07000041,Exeter,117773,6747,5535,5329,9396,14155,9027,8066,7333,7603,7593,6683,5890,6147,4750,3997,3427,3009,2011,1075
England and Wales District,E07000042,Mid Devon,77750,4498,4243,4713,4656,3675,3888,3710,4487,5651,5954,5436,5143,5831,4797,3715,2880,2283,1430,760
England and Wales District,E07000043,North Devon,93667,5014,4801,5286,5575,4821,4565,4641,5122,6429,6886,6429,6051,7239,6155,4782,3867,2989,1911,1104
England and Wales District,E07000044,South Hams,83140,3677,3957,4602,4692,3648,3424,3245,3997,5535,6553,6346,6231,7479,6034,4469,3688,2774,1828,961
England and Wales District,E07000045,Teignbridge,124220,5984,6041,6966,7157,5694,5432,5617,6646,8694,9713,8671,8609,9980,8397,6352,5357,4302,2997,1611
England and Wales District,E07000046,Torridge,63839,3157,3091,3493,3631,3025,2634,2891,3318,4294,4681,4508,4579,5559,4687,3480,2819,2032,1306,654
England and Wales District,E07000047,West Devon,53553,2556,2650,3055,2981,2394,2244,2356,2788,3594,4311,3932,3815,4487,3835,2844,2238,1704,1119,650
England and Wales District,E07000048,Christchurch,47752,2143,2214,2562,2512,2063,1882,2016,2392,3066,3284,2935,2775,3721,3514,3029,2802,2348,1620,874
England and Wales District,E07000049,East Dorset,87166,3737,4092,4702,4801,3632,3013,3201,4249,5705,6481,6083,5796,7355,6300,5509,4811,3866,2526,1307
England and Wales District,E07000050,North Dorset,68583,3647,3571,4204,4509,3402,3197,3387,4037,4685,4993,4627,4379,5146,4238,3471,2745,2195,1389,761
England and Wales District,E07000051,Purbeck,44973,2114,2214,2428,2534,2165,1998,1991,2370,3024,3285,3197,2983,3723,3231,2417,2146,1621,1038,494
England and Wales District,E07000052,West Dorset,99264,4343,4515,5579,5871,4300,3607,3876,4932,6400,7371,6898,6951,8343,7328,5773,5069,3958,2620,1530
England and Wales District,E07000053,Weymouth and Portland,65167,3349,3237,3548,3895,3888,3394,3363,3669,4561,4848,4589,4295,4916,4056,3124,2541,1990,1242,662
England and Wales District,E07000061,Eastbourne,99412,5327,4867,5380,6251,6093,6063,5712,5924,6559,6742,6008,5544,6639,5350,4735,4223,3797,2586,1612
England and Wales District,E07000062,Hastings,90254,5570,4772,5317,5759,5769,5621,5217,5732,6728,6772,6109,5395,6092,4525,3424,2824,2212,1515,901
England and Wales District,E07000063,Lewes,97502,5052,5229,5551,5579,4679,4596,4534,5478,6895,7498,6652,6391,7214,5981,4908,4271,3460,2232,1302
England and Wales District,E07000064,Rother,90588,3999,4096,5119,5038,3632,3377,3184,4110,5732,6545,6014,6017,7962,6696,5569,4839,4035,2836,1788
England and Wales District,E07000065,Wealden,148915,7508,8100,9023,8808,6306,6161,6132,8046,10780,11842,10606,9846,11615,9944,7634,6450,5020,3180,1914
England and Wales District,E07000066,Basildon,174497,11405,10665,10891,11038,10089,10936,11562,11923,13215,13085,11571,9732,10497,7892,6593,5713,4155,2375,1160
England and Wales District,E07000067,Braintree,147084,9467,8729,8943,8669,7957,8373,8725,10042,11720,11358,9673,9048,9967,7418,5615,4376,3496,2258,1250
England and Wales District,E07000068,Brentwood,73601,3926,4057,4585,4495,3648,3819,4229,4784,5602,6147,5147,4354,4759,3701,3192,2786,2180,1453,737
England and Wales District,E07000069,Castle Point,88011,4173,4395,5188,5477,4740,4212,4130,5133,6349,6517,5918,5642,7136,5799,4686,3666,2536,1532,782
England and Wales District,E07000070,Chelmsford,168310,9994,9531,9747,10254,9875,10643,10531,11787,12844,12910,11157,10047,10972,8239,6469,5446,4092,2495,1277
England and Wales District,E07000071,Colchester,173074,10647,9403,9606,11711,13886,11947,11366,11633,12621,12217,10488,9399,10842,8200,6243,5216,3931,2398,1320
England and Wales District,E07000072,Epping Forest,124659,7366,6831,7235,7384,6663,6624,7517,8378,9647,9925,8625,7619,8295,6426,5038,4274,3469,2178,1165
England and Wales District,E07000073,Harlow,81944,6020,4917,4929,5044,4858,5970,5942,5706,6051,5984,5442,4633,4143,3136,2777,2644,2139,1085,524
England and Wales District,E07000074,Maldon,61629,3027,3261,3726,3562,2883,2480,2833,3707,4890,4835,4611,4339,5101,4027,2949,2317,1562,916,603
England and Wales District,E07000075,Rochford,83287,4369,4368,5141,5130,4138,3729,4199,5298,6576,6510,5736,5308,6106,4852,3981,3332,2393,1435,686
England and Wales District,E07000076,Tendring,138048,6753,6502,7671,7970,6709,5672,5578,6856,8732,9434,8825,8725,11348,10221,8607,7185,5612,3653,1995
England and Wales District,E07000077,Uttlesford,79443,4649,4932,5339,5047,3601,3602,4195,5147,6412,6672,5981,4961,5330,4196,3066,2485,1921,1193,714
England and Wales District,E07000078,Cheltenham,115732,6486,5689,6201,7556,9185,9324,8296,7715,8022,8230,7051,6263,6385,5090,4321,3628,2964,2161,1165
England and Wales District,E07000079,Cotswold,82881,3929,4126,4746,4801,3837,3416,3502,4926,6201,6564,6182,5783,6379,5280,4146,3492,2789,1816,966
England and Wales District,E07000080,Forest of Dean,81961,4055,4119,4779,5518,4200,3601,3530,4687,6120,6353,5932,5700,6381,5290,4090,3138,2236,1455,777
England and Wales District,E07000081,Gloucester,121688,8239,7113,7274,7903,8402,8720,8181,8200,9232,9188,7997,6589,6585,5324,4152,3360,2732,1708,789
England and Wales District,E07000082,Stroud,112779,6113,6166,6791,6885,5246,4910,5438,7194,8815,8978,8303,7671,8292,6574,5107,4122,3110,2015,1049
England and Wales District,E07000083,Tewkesbury,81943,4616,4327,4688,4468,4088,4023,4437,5263,6280,6522,5754,5251,5717,4835,4001,3083,2322,1516,752
England and Wales District,E07000084,Basingstoke and Deane,167799,11355,9947,10369,9610,8910,11034,11448,12379,13687,13738,11439,9543,10189,7700,5747,4583,3223,1945,953
England and Wales District,E07000085,East Hampshire,115608,6209,6512,7305,7331,5382,5101,5497,7006,8762,9639,8772,7553,8236,6647,5159,4122,3191,2045,1139
England and Wales District,E07000086,Eastleigh,125199,7737,6983,7399,7527,7269,7295,7848,8645,9351,9750,8843,7647,8074,5980,4951,3974,3136,1838,952
England and Wales District,E07000087,Fareham,111581,5578,5798,6696,6683,5761,5406,5474,6985,8584,8990,8053,6961,7836,6577,5244,4491,3387,2024,1053
England and Wales District,E07000088,Gosport,82622,5425,4725,4936,5110,4979,5405,4954,5430,5942,6147,5688,4603,5172,3948,3255,2858,2054,1327,664
England and Wales District,E07000089,Hart,91033,5663,5734,5795,5188,4261,4542,5296,6959,7373,7653,6316,5354,5881,4732,3692,2782,1970,1209,633
England and Wales District,E07000090,Havant,120684,6710,6392,7195,7615,6798,6444,5891,6676,8434,8906,8485,7517,8196,7011,5854,5147,3987,2254,1172
England and Wales District,E07000091,New Forest,176462,8592,8512,9665,9726,8146,7544,7840,9664,11681,13216,12097,11748,13889,11741,9685,8428,6956,4681,2651
England and Wales District,E07000092,Rushmoor,93807,6747,5568,5440,6016,6682,7282,7494,7610,7475,7201,5665,4572,4611,3476,2766,2043,1583,1015,561
England and Wales District,E07000093,Test Valley,116398,6711,6596,7117,7081,5694,5399,5988,7712,8966,9706,8392,7316,8323,6640,4995,4013,2912,1826,1011
England and Wales District,E07000094,Winchester,116595,6580,6497,6953,8134,7517,5635,6231,7491,8288,8899,7985,6934,7672,6193,4971,4046,3286,2069,1214
England and Wales District,E07000095,Broxbourne,93609,6175,5550,5903,5830,5620,5671,6088,6338,7383,7229,6129,5048,5349,4324,3721,3136,2300,1246,569
England and Wales District,E07000096,Dacorum,144847,9718,8408,8862,8715,7919,8671,9425,10437,11079,11403,10211,8742,8374,6274,5036,4618,3580,2267,1108
England and Wales District,E07000097,East Hertfordshire,137687,8299,8257,9096,8638,6411,7328,8688,10155,11608,11835,9780,7993,8346,6236,4971,4204,3044,1824,974
England and Wales District,E07000098,Hertsmere,100031,6707,5969,6212,6117,5869,6099,6309,6908,7466,7899,6690,5680,5778,4475,3523,3096,2578,1748,908
England and Wales District,E07000099,North Hertfordshire,127114,8027,7401,7669,7370,6126,7582,8262,9359,9896,10189,8530,7234,7758,5950,4883,4381,3120,2215,1162
England and Wales District,E07000100,St Albans,140664,10296,9082,8926,7972,6342,7831,9626,11242,11541,10981,9223,7916,7910,6031,5018,4214,3319,2092,1102
England and Wales District,E07000101,Stevenage,83957,5906,4971,5100,5591,5448,6089,5703,5645,6425,6790,5763,4500,4154,3241,2753,2464,1867,1035,512
England and Wales District,E07000102,Three Rivers,87317,5433,5249,5673,5299,4357,4716,5412,6124,6733,7164,6000,5137,5314,4001,3326,3007,2160,1425,787
England and Wales District,E07000103,Watford,90301,6730,5436,5298,5302,5711,8053,8141,7315,7013,6409,5361,4385,3996,3143,2600,2153,1676,1013,566
England and Wales District,E07000104,Welwyn Hatfield,110535,6775,6033,6085,8227,11436,7765,7152,6807,7483,7790,6871,5672,5500,4310,3774,3545,2786,1655,869
England and Wales District,E07000105,Ashford,117956,7771,7358,7838,7621,6245,6470,6548,7559,9483,9196,7471,6749,7679,6195,4614,3697,2729,1792,941
England and Wales District,E07000106,Canterbury,151145,7514,7506,8393,13309,16222,8658,7258,7878,9506,9686,8727,8387,9656,7950,6391,5198,4342,2921,1643
England and Wales District,E07000107,Dartford,97365,6765,5979,5922,6005,6199,7081,7123,7067,7651,7332,6132,5064,5093,3890,3208,2843,2134,1240,637
England and Wales District,E07000108,Dover,111674,6259,5879,6657,7005,5844,5891,5729,6328,7878,8422,7751,7290,8224,6725,5196,4149,3254,2022,1171
England and Wales District,E07000109,Gravesham,101720,6647,6275,6529,6723,6502,6618,6369,6638,7666,7584,6437,5568,5874,4631,3886,3350,2375,1348,700
England and Wales District,E07000110,Maidstone,155143,9553,8785,9443,9271,8633,9641,9582,10212,11910,11852,10300,9246,10201,7997,6272,4993,3738,2285,1229
England and Wales District,E07000111,Sevenoaks,114893,6976,6933,7093,6877,5232,5234,6263,7374,8740,9084,8030,7202,8188,6318,4966,4194,3252,1908,1029
England and Wales District,E07000112,Shepway,107969,5996,5575,6331,6590,6200,5591,5601,6234,7697,7815,7166,6616,8142,6418,5175,4124,3289,2141,1268
England and Wales District,E07000113,Swale,135835,8747,7972,8780,8710,7790,8180,7775,8495,10072,10502,8979,7986,9224,7180,5511,4168,3105,1744,915
England and Wales District,E07000114,Thanet,134186,8093,7241,8570,8593,7396,7320,6813,7347,8932,9346,8461,8080,9581,7908,6401,5238,4333,2866,1667
England and Wales District,E07000115,Tonbridge and Malling,120805,7447,7668,8169,8078,5841,5804,6599,8450,9831,9668,8330,6900,7593,6088,4953,4033,2917,1580,856
England and Wales District,E07000116,Tunbridge Wells,115049,7308,6976,7671,7204,5575,6809,6974,8113,9191,9071,7652,6401,7029,5487,4157,3545,2948,1836,1102
England and Wales District,E07000117,Burnley,87059,5847,5167,5040,5540,5574,5751,5315,5442,6222,6143,5804,5239,5841,4225,3370,2622,1984,1276,657
England and Wales District,E07000118,Chorley,107155,6203,5963,6076,6141,6122,6210,6270,7652,8416,8429,7357,6689,7665,5944,4437,3246,2174,1407,754
England and Wales District,E07000119,Fylde,75757,3612,3577,4008,4087,3393,3591,3452,4165,5361,6009,5548,4916,5695,5012,4118,3569,2947,1771,926
England and Wales District,E07000120,Hyndburn,80734,5427,5002,5057,5280,5041,5287,4972,5268,6089,5822,5057,4569,5054,4020,3053,2385,1798,1043,510
England and Wales District,E07000121,Lancaster,138375,7232,6467,7714,11273,13194,7969,7366,7645,9280,9626,8659,7850,8735,7186,6070,4922,3650,2348,1189
England and Wales District,E07000122,Pendle,89452,6362,5463,5359,5485,5722,6301,5722,5557,6146,5979,5747,5283,5976,4307,3355,2670,2116,1292,610
England and Wales District,E07000123,Preston,140202,9323,7938,7940,10449,14062,10750,9322,9048,9746,9730,8396,7168,7084,5303,4606,3925,2863,1748,801
England and Wales District,E07000124,Ribble Valley,57132,2881,3103,3805,3558,2685,2414,2361,3356,4456,4750,4223,3758,4251,3497,2767,2216,1572,965,514
England and Wales District,E07000125,Rossendale,67982,4329,3903,4052,4309,3869,3940,4029,4565,5361,5271,4733,4359,4721,3364,2441,1932,1453,914,437
England and Wales District,E07000126,South Ribble,109057,6331,5883,6359,6473,6349,6290,6119,7400,8336,8584,7284,6727,7510,5896,4811,3607,2744,1629,725
England and Wales District,E07000127,West Lancashire,110685,5998,5935,6685,7724,7196,5447,5051,6661,8008,8545,7731,6943,7886,6470,5294,4020,2734,1558,799
England and Wales District,E07000128,Wyre,107749,5046,5164,5788,6563,5387,4869,4794,5500,7422,7968,7505,6956,8162,7347,6474,5207,4021,2429,1147
England and Wales District,E07000129,Blaby,93915,5446,5324,5590,5872,4990,5005,5134,6368,7451,7365,6492,5646,6357,5026,4073,3260,2397,1447,672
England and Wales District,E07000130,Charnwood,166100,9120,8279,8924,12886,16121,10079,9261,10126,11758,11794,10507,9650,10333,8064,6287,5219,4036,2372,1284
England and Wales District,E07000131,Harborough,85382,4665,5015,5527,5156,3701,3700,4143,5565,7119,7310,6179,5650,6061,4829,3641,2872,2147,1389,713
England and Wales District,E07000132,Hinckley and Bosworth,105078,5778,5519,6014,5984,5376,5767,5922,6818,8085,8290,7316,6966,7910,6027,4547,3543,2773,1674,769
England and Wales District,E07000133,Melton,50376,2786,2685,3033,2984,2535,2537,2592,2996,4032,4272,3648,3357,3662,2826,2149,1731,1288,863,400
England and Wales District,E07000134,North West Leicestershire,93468,5477,5421,5642,5411,4739,4939,5124,6488,7569,7529,6358,5940,6599,5201,3796,2934,2209,1418,674
England and Wales District,E07000135,Oadby and Wigston,56170,2882,2803,3370,5006,3463,3023,2964,3159,3907,4310,3746,3218,3432,2803,2522,2293,1734,1019,516
England and Wales District,E07000136,Boston,64637,3841,3223,3527,3685,3942,4372,3850,3892,4347,4539,4208,4074,4395,3735,3038,2422,1922,1096,529
England and Wales District,E07000137,East Lindsey,136401,6202,5999,7168,7540,6433,5876,5496,6672,8605,9644,9447,9570,12310,11212,8737,6683,4753,2703,1351
England and Wales District,E07000138,Lincoln,93541,5514,4303,4548,7706,11198,7915,6363,5582,5901,6181,5384,4746,4874,3709,3004,2472,2075,1335,731
England and Wales District,E07000139,North Kesteven,107766,5483,5584,6591,6299,5068,5341,5346,6610,8486,8692,7343,6540,7891,6849,5559,4213,3090,1858,923
England and Wales District,E07000140,South Holland,88270,4488,4295,4982,4928,4523,4705,4668,5303,6150,6595,5843,5548,6579,5462,4767,3933,2920,1695,886
England and Wales District,E07000141,South Kesteven,133788,7432,7174,8262,8123,6251,6809,7069,8374,10200,10600,9616,8654,9664,7889,5905,4640,3583,2379,1164
England and Wales District,E07000142,West Lindsey,89250,4391,4508,5392,5643,4141,3915,4032,4943,6601,7193,6576,6218,7068,5963,4444,3524,2537,1401,760
England and Wales District,E07000143,Breckland,130491,7412,6433,7411,7632,7303,7334,6751,7576,9026,9536,8255,7913,9771,8088,6719,5426,4043,2544,1318
England and Wales District,E07000144,Broadland,124646,6053,6239,7173,7087,5482,5345,6114,7689,9355,9775,8640,8171,9707,7931,6533,5413,4108,2499,1332
England and Wales District,E07000145,Great Yarmouth,97277,5528,4930,5584,6241,5942,5731,4879,5261,6533,6826,6162,6061,7228,6111,4746,3861,2951,1812,890
England and Wales District,E07000146,King`s Lynn and West Norfolk,147451,7970,7261,7888,8197,8069,8285,7413,8285,9872,10432,9453,9232,11253,9715,8078,6618,4966,3016,1448
England and Wales District,E07000147,North Norfolk,101499,4327,4150,4954,5354,4542,4279,3863,4645,6088,6773,6867,7221,9239,8211,6609,5794,4411,2682,1490
England and Wales District,E07000148,Norwich,132512,8425,6267,5809,8838,15289,12794,10521,8987,8592,7820,6878,6430,6517,5043,4199,3684,3128,2134,1157
England and Wales District,E07000149,South Norfolk,124012,6816,6377,7557,7265,5357,5740,6200,7608,9031,9403,8529,8033,9573,7939,6204,5046,3842,2381,1111
England and Wales District,E07000150,Corby,61255,4519,3610,3748,3806,3924,4786,4231,4075,4597,4839,4079,3528,3201,2619,2105,1622,1110,634,222
England and Wales District,E07000151,Daventry,77843,4350,4522,4889,4863,3797,3588,3870,5126,6481,6590,5737,5138,5715,4394,3131,2338,1724,1042,548
England and Wales District,E07000152,East Northamptonshire,86765,5233,5138,5589,5670,4028,4250,4753,5985,7163,6864,5858,5385,6244,4614,3421,2626,1963,1280,701
England and Wales District,E07000153,Kettering,93475,6256,5685,5564,5493,4993,5797,5940,6748,7432,7041,5870,5448,6214,4687,3418,2700,2069,1384,736
England and Wales District,E07000154,Northampton,212069,15845,12564,12138,13293,15345,16950,16250,15724,15096,15299,12662,11083,11605,8344,6497,5278,4057,2653,1386
England and Wales District,E07000155,South Northamptonshire,85189,4771,5201,5507,4978,3589,3603,4299,5883,7242,7359,6420,5598,6340,4754,3342,2588,1909,1190,616
England and Wales District,E07000156,Wellingborough,75356,5038,4474,4595,4397,4018,4645,4688,5250,5790,5610,4855,4577,5085,3921,2882,2250,1701,1069,511
England and Wales District,E07000163,Craven,55409,2528,2692,3317,3230,2403,2292,2298,3041,4045,4354,4174,3979,4446,3687,2818,2375,1841,1242,647
England and Wales District,E07000164,Hambleton,89140,4348,4536,5118,5177,4431,4197,3954,4870,6419,7394,6466,6102,6887,5748,4709,3647,2720,1599,818
England and Wales District,E07000165,Harrogate,157869,8677,8708,9432,9389,7384,8169,8379,9948,12228,12830,11307,9850,10674,8694,7202,5889,4493,2927,1689
England and Wales District,E07000166,Richmondshire,51965,2910,2810,2949,3529,4252,3467,2751,2964,3654,3667,3329,3064,3543,2797,2233,1730,1212,717,387
England and Wales District,E07000167,Ryedale,51751,2385,2473,3024,3187,2203,2085,2130,2687,3666,4025,3741,3742,4351,3604,2829,2338,1743,1000,538
England and Wales District,E07000168,Scarborough,108793,5317,5071,5718,6540,6268,5367,4703,5655,6933,7998,7683,7500,8720,7212,6099,4821,3713,2259,1216
England and Wales District,E07000169,Selby,83449,4875,4559,4852,5007,4453,4346,4420,5518,6651,7053,6289,5419,6001,4463,3239,2655,1899,1147,603
England and Wales District,E07000170,Ashfield,119497,7413,6663,7181,7345,7064,7104,7110,7876,9367,9375,8009,7172,7580,6547,5030,3698,2542,1623,798
England and Wales District,E07000171,Bassetlaw,112863,6105,5826,6816,7099,6021,6027,5918,7051,8568,9053,7994,7356,8088,6508,5036,3962,2880,1721,834
England and Wales District,E07000172,Broxtowe,109487,6163,5301,5848,6455,6722,6625,6541,7272,8259,8480,7489,6686,7548,5930,4803,3858,2846,1771,890
England and Wales District,E07000173,Gedling,113543,6470,5986,6560,6805,6002,6205,6639,7295,8676,8839,8005,7290,7755,6024,5090,4133,3042,1891,836
England and Wales District,E07000174,Mansfield,104466,6399,5471,5852,6536,6518,6799,6291,6535,7679,8164,7325,6438,6513,5450,4203,3462,2601,1527,703
England and Wales District,E07000175,Newark and Sherwood,114817,6317,6267,6872,7004,6061,5971,5785,7216,8857,8974,8143,7351,8214,6722,5251,4069,3014,1804,925
England and Wales District,E07000176,Rushcliffe,111129,6392,6233,6621,6610,6174,5320,6165,7367,8646,8947,7785,7035,7411,6006,4621,3949,3017,1931,899
England and Wales District,E07000177,Cherwell,141868,9819,8296,8588,8408,7590,9577,9713,10145,11116,11104,9284,8088,8441,6316,5230,4205,3129,1851,968
England and Wales District,E07000178,Oxford,151906,9251,7406,7114,12912,22554,17096,12863,9623,8854,8494,7027,6148,5924,4583,3769,3066,2525,1742,955
England and Wales District,E07000179,South Oxfordshire,134257,8213,7843,8210,7741,6214,7155,7561,9212,10807,10763,9353,8083,8722,7255,5785,4591,3374,2195,1180
England and Wales District,E07000180,Vale of White Horse,120988,7411,6727,7367,7417,5927,6959,7332,7899,8946,9404,8418,7440,7980,6317,5054,4205,3133,1979,1073
England and Wales District,E07000181,West Oxfordshire,104779,6362,5759,6056,5998,5308,6043,6162,6979,8068,8428,7184,6223,6947,5685,4428,3619,2790,1756,984
England and Wales District,E07000187,Mendip,109279,5915,5913,6988,7590,5359,5114,5100,6284,8167,8625,7763,7227,7956,6210,4839,4001,3063,2089,1076
England and Wales District,E07000188,Sedgemoor,114588,6321,5961,6868,7109,6193,5671,5473,6301,8249,8859,8051,7585,8482,6932,5514,4366,3387,2174,1092
England and Wales District,E07000189,South Somerset,161243,8771,8389,9424,9588,8513,8127,7860,9242,11202,11747,10808,10495,12252,10083,7907,6490,5260,3308,1777
England and Wales District,E07000190,Taunton Deane,110187,6266,5843,6389,7222,6226,6047,5877,6628,7739,8077,7442,6915,7504,6048,4776,4152,3495,2261,1280
England and Wales District,E07000191,West Somerset,34675,1444,1381,1640,1799,1744,1549,1272,1376,1968,2342,2413,2554,3113,2852,2302,1901,1473,1021,531
England and Wales District,E07000192,Cannock Chase,97462,5871,5405,5861,6244,5893,6129,5738,6700,7931,7754,6387,5783,6109,5044,3860,2821,2145,1227,560
England and Wales District,E07000193,East Staffordshire,113583,7002,6556,6694,7184,6722,7199,6846,7349,8657,8838,7780,6630,6995,5740,4629,3713,2729,1554,766
England and Wales District,E07000194,Lichfield,100654,5285,5381,5753,5888,5232,5013,5291,6340,7619,7832,6782,6459,7525,6893,5061,3570,2460,1481,789
England and Wales District,E07000195,Newcastle-under-Lyme,123871,6314,6368,6971,8535,9545,6937,6708,7642,8919,9166,8209,7615,8434,6620,5410,4431,3202,1945,900
England and Wales District,E07000196,South Staffordshire,108131,4878,5210,6236,6655,6035,4972,4785,6363,8149,8789,8069,7316,8169,7051,5666,4251,2907,1763,867
England and Wales District,E07000197,Stafford,130869,7007,6583,7200,7853,8009,7102,7124,8225,10030,10127,8900,8268,9167,7825,6120,4595,3443,2100,1191
England and Wales District,E07000198,Staffordshire Moorlands,97106,4671,4800,5377,5632,4760,4467,4596,5864,7611,7606,6824,6678,7839,6381,4979,3866,2685,1618,852
England and Wales District,E07000199,Tamworth,76813,5061,4542,4789,4792,4744,5181,4845,5408,5911,5511,5048,4850,4987,3733,2777,2032,1428,808,366
England and Wales District,E07000200,Babergh,87740,4451,4868,5476,5121,3958,3795,4118,5228,6498,6742,5900,5843,6986,5695,4315,3491,2705,1660,890
England and Wales District,E07000201,Forest Heath,59748,4123,3223,3092,2960,4675,5508,4574,3993,3952,3883,3408,3081,3582,2756,2307,1882,1450,909,390
England and Wales District,E07000202,Ipswich,133384,9250,7630,7552,8636,9562,10877,9963,9124,9425,8991,8184,7223,7137,5239,4362,3880,3231,2011,1107
England and Wales District,E07000203,Mid Suffolk,96731,5266,5394,5883,5629,4537,4585,4770,5729,7103,7488,6894,6436,7546,6036,4601,3639,2641,1675,879
England and Wales District,E07000204,St Edmundsbury,111008,6663,6035,6337,6466,6493,7211,6548,7009,8219,8276,6827,6427,7507,6282,4993,3841,2958,1832,1084
England and Wales District,E07000205,Suffolk Coastal,124298,6243,6485,7547,7342,5325,4992,5471,6872,8716,9439,8849,8294,9918,8098,6556,5578,4341,2702,1530
England and Wales District,E07000206,Waveney,115254,6230,5861,6417,6754,5963,5714,5470,6374,7807,7819,7322,7100,8930,7714,6287,5319,4114,2585,1474
England and Wales District,E07000207,Elmbridge,130875,9358,8639,8315,7155,5109,6036,8430,10219,10958,11045,9006,7419,7668,5818,4722,4043,3273,2344,1318
England and Wales District,E07000208,Epsom and Ewell,75102,4628,4415,4737,4684,4182,3952,4640,5368,5904,6005,4972,4274,4766,3502,2872,2416,1851,1249,685
England and Wales District,E07000209,Guildford,137183,8110,7525,7466,8947,11292,9268,9210,9752,9795,10063,8779,7652,7931,5966,4892,4134,3195,2020,1186
England and Wales District,E07000210,Mole Valley,85375,4604,4732,5348,5012,3559,3753,4330,5269,6502,7019,6191,5452,5930,4957,3915,3457,2660,1704,981
England and Wales District,E07000211,Reigate and Banstead,137835,9153,8091,8218,7676,6965,8147,9676,10118,10703,10946,9110,7833,8466,6263,4918,4282,3419,2427,1424
England and Wales District,E07000212,Runnymede,80510,4802,4068,4147,5461,6967,4512,5137,5789,5832,6021,5277,4412,4617,3664,2944,2757,2046,1350,707
England and Wales District,E07000213,Spelthorne,95598,6017,5165,5175,5396,5179,5940,6605,6653,7442,7845,6471,5419,5611,4537,3970,3332,2509,1547,785
England and Wales District,E07000214,Surrey Heath,86144,5129,5153,5464,5131,4207,4581,5072,6133,7101,7144,6146,5191,5287,4267,3401,2954,1955,1182,646
England and Wales District,E07000215,Tandridge,82998,4886,4715,5391,4984,3997,3905,4572,5281,6402,6789,5900,5209,5612,4499,3391,2807,2367,1417,874
England and Wales District,E07000216,Waverley,121572,7341,7335,7727,7910,5101,5248,6384,8348,9333,9432,8300,7255,8036,6710,5251,4585,3405,2368,1503
England and Wales District,E07000217,Woking,99198,7278,6003,5578,5320,4961,6812,7803,8103,7687,7418,6494,5443,5455,4090,3290,2883,2254,1527,799
England and Wales District,E07000218,North Warwickshire,62014,3285,3209,3730,3658,3219,3281,3164,4044,4864,5006,4496,4177,4496,3718,2788,2064,1490,913,412
England and Wales District,E07000219,Nuneaton and Bedworth,125252,7925,7019,7412,7891,7453,7971,7777,8294,9336,9459,8179,7586,8028,6707,5061,3918,2843,1611,782
England and Wales District,E07000220,Rugby,100075,6269,5648,6149,6174,5182,6322,6319,6932,7636,7812,6602,5634,6062,5401,4003,3064,2492,1545,829
England and Wales District,E07000221,Stratford-on-Avon,120485,5965,6176,6849,6737,5257,5382,5558,7242,8897,9596,8718,8187,9341,8117,6149,4931,3761,2317,1305
England and Wales District,E07000222,Warwick,137648,7920,7128,7127,8025,11623,9321,9220,9552,10083,10131,8571,7707,8190,6711,5171,4280,3445,2277,1166
England and Wales District,E07000223,Adur,61182,3537,3110,3173,3540,2982,3131,3363,3947,4532,4450,4003,3679,4301,3658,3057,2602,2082,1348,687
England and Wales District,E07000224,Arun,149518,7386,6968,7416,7931,7443,7314,7190,8113,10123,10463,9404,9080,11359,10264,8971,7558,6037,4116,2382
England and Wales District,E07000225,Chichester,113794,5652,5630,6092,6517,6200,5150,5205,6121,7497,8312,7795,7179,8550,7551,6219,5515,4317,2761,1531
England and Wales District,E07000226,Crawley,106597,8071,6486,6244,6219,6816,9044,9150,8120,8102,7557,6689,5469,5162,3407,2860,2703,2451,1421,626
England and Wales District,E07000227,Horsham,131301,7151,7251,8469,7876,5660,5858,6732,8200,10310,10978,9784,8353,9109,7279,5851,4903,3814,2356,1367
England and Wales District,E07000228,Mid Sussex,139860,8343,8175,8755,8225,6490,7510,8043,9451,11006,11114,9536,8617,9288,7356,5448,4726,3879,2425,1473
England and Wales District,E07000229,Worthing,104640,6346,5559,5584,5659,5497,6013,6415,6938,7933,7919,6775,5852,6576,5344,4597,3986,3569,2504,1574
England and Wales District,E07000234,Bromsgrove,93637,4822,4920,5529,5752,4677,4250,4451,5919,7273,7548,6678,6226,6457,5503,4332,3673,2862,1771,994
England and Wales District,E07000235,Malvern Hills,74631,3297,3643,4448,4818,3146,2919,2939,3849,5157,5705,5428,5144,6157,5095,4179,3369,2627,1781,930
England and Wales District,E07000236,Redditch,84214,5629,4886,4996,5076,5175,5995,6022,5904,6042,5901,5470,5618,5616,4052,2699,2046,1603,986,498
England and Wales District,E07000237,Worcester,98768,6359,5572,5445,6575,7417,7080,6939,7028,7463,7248,6029,5444,5560,4248,3452,2901,2016,1305,687
England and Wales District,E07000238,Wychavon,116944,5743,6021,6679,6719,5361,5368,5455,6872,8866,9340,8323,8088,9094,7491,5966,4603,3529,2244,1182
England and Wales District,E07000239,Wyre Forest,97975,5256,4971,5416,5534,5142,5271,5071,6061,7351,7129,6161,6345,7804,6692,4912,3718,2634,1673,834
England and Wales District,E08000001,Bolton,276786,18765,16878,17793,17922,18071,18285,17195,18544,20981,20058,17565,15344,16845,13034,10519,7931,5728,3652,1676
England and Wales District,E08000002,Bury,185060,12235,11108,11361,11545,10688,11622,11483,12314,14180,14354,12337,10581,11712,8968,7324,5616,4007,2397,1228
England and Wales District,E08000003,Manchester,503127,36413,28617,26785,38302,66998,56595,45004,33970,32466,28637,23927,19633,18236,13191,11576,9378,7026,4226,2147
England and Wales District,E08000004,Oldham,224897,16491,15422,15337,15056,14586,15177,14020,14431,16494,15699,14128,12228,12875,10027,8253,6068,4397,2760,1448
England and Wales District,E08000005,Rochdale,211699,14754,13148,13925,14425,14005,14111,13367,13846,15701,15071,13710,12366,12454,9161,7481,5911,4456,2632,1175
England and Wales District,E08000006,Salford,233933,16255,13011,12969,15103,19537,20989,17158,15407,16236,16106,14035,11563,12358,9498,8045,6410,4734,3012,1507
England and Wales District,E08000007,Stockport,283275,17342,15808,16759,16875,15184,15896,17124,18582,21363,22206,19670,17176,18263,14277,12238,10122,7640,4441,2309
England and Wales District,E08000008,Tameside,219324,14439,12455,13029,13987,13744,14320,13588,14467,16827,17066,14721,12613,13867,10526,8518,6456,4521,2822,1358
England and Wales District,E08000009,Trafford,226578,14870,14032,14076,13526,11776,13764,15010,16430,17781,18223,15281,12722,12814,9759,8566,7240,5659,3371,1678
England and Wales District,E08000010,Wigan,317849,19681,18044,18270,19570,19310,20174,19030,21461,25621,24750,20778,18312,21199,17181,13138,9541,6389,3682,1718
England and Wales District,E08000011,Knowsley,145893,9121,8312,9200,10123,9846,9229,8166,8694,10509,11500,10986,8984,8209,6164,5780,5147,3559,1688,676
England and Wales District,E08000012,Liverpool,466415,26099,22254,24315,34572,50636,39966,33053,28069,30893,32022,29288,25364,24418,17685,16342,13967,9742,5307,2423
England and Wales District,E08000013,St. Helens,175308,10269,9271,10212,10959,10522,10501,9747,11459,12931,13174,11727,10881,12255,9596,8016,6129,4165,2402,1092
England and Wales District,E08000014,Sefton,273790,14601,13768,15672,16642,15915,14915,13445,15389,18772,21160,20290,17790,18420,15058,13715,11879,8833,4931,2595
England and Wales District,E08000015,Wirral,319783,18514,17677,19005,19863,18069,17939,17112,19161,22719,24360,22395,20263,21740,17035,14284,12018,9295,5481,2853
England and Wales District,E08000016,Barnsley,231221,13957,12562,13378,14390,13533,14446,12793,14720,18212,17843,16204,14330,14843,12346,9734,7708,5542,3279,1401
England and Wales District,E08000017,Doncaster,302402,19220,17072,17407,18937,19417,20239,17825,18852,21581,22572,20928,18364,18847,14737,12372,10174,7486,4346,2026
England and Wales District,E08000018,Rotherham,257280,15738,14645,15664,16217,15227,15422,14333,16099,19442,19390,17934,15663,16664,13686,11097,8537,6023,3684,1815
England and Wales District,E08000019,Sheffield,552698,33977,30337,30193,42309,56134,38805,35936,34878,39453,36497,32216,27578,28687,24114,20574,16800,12437,7600,4173
England and Wales District,E08000020,Gateshead,200214,11869,10310,10880,12170,12104,14059,13110,12880,14476,15053,13790,11672,12596,9646,8962,7293,5119,2897,1328
England and Wales District,E08000021,Newcastle upon Tyne,280177,16522,14035,14488,22396,36012,22948,18053,16697,17222,17956,16629,14367,14133,10289,9091,7857,6000,3578,1904
England and Wales District,E08000022,North Tyneside,200801,11732,10653,10921,11459,10908,12411,13326,13505,14813,15766,14180,12773,13059,9704,8392,7124,5363,3155,1557
England and Wales District,E08000023,South Tyneside,148127,8182,7551,8233,9493,9447,8901,8343,8610,10483,11720,11143,9531,9637,7096,6538,5492,4140,2503,1084
England and Wales District,E08000024,Sunderland,275506,15378,14133,15355,17787,19709,16945,15877,17040,19937,20944,20020,17577,18011,13198,11833,9759,6841,3576,1586
England and Wales District,E08000025,Birmingham,1073045,81901,74360,73659,80278,93914,85601,79169,71405,72084,68109,57698,50219,46435,37543,32559,27902,21141,12656,6412
England and Wales District,E08000026,Coventry,316960,22476,18402,17831,24242,30610,24848,21542,20655,21377,20186,17807,15378,15356,13208,10807,8750,6793,4404,2288
England and Wales District,E08000027,Dudley,312925,18867,17934,18539,19863,18141,18947,18024,19798,23848,23248,19583,18389,19547,17255,14247,11379,8418,4673,2225
England and Wales District,E08000028,Sandwell,308063,22669,20194,19333,20220,20793,23085,21235,21168,22411,21398,17991,15495,15230,13139,11381,9186,6950,4096,2089
England and Wales District,E08000029,Solihull,206674,11555,11711,13111,13406,11365,10664,10683,12380,15355,16534,14258,12226,13830,11530,8933,7529,6103,3621,1880
England and Wales District,E08000030,Walsall,269323,18373,16971,17266,17667,17504,17690,16184,16906,19503,19087,16464,14672,15221,13227,11439,9194,6558,3706,1691
England and Wales District,E08000031,Wolverhampton,249470,16687,14442,15095,16728,17988,17947,16436,16744,18219,17370,14949,13255,12981,10853,9712,8146,6322,3768,1828
England and Wales District,E08000032,Bradford,522452,41167,37482,36268,35368,35679,38810,36821,35704,35914,34006,31493,27588,26760,18570,16918,13917,10383,6493,3111
England and Wales District,E08000033,Calderdale,203826,12906,11982,12563,12629,11421,12089,12375,13604,15959,15886,14195,12401,13344,9848,7745,5956,4629,2831,1463
England and Wales District,E08000034,Kirklees,422458,28331,26027,26177,27547,28826,27475,26954,28285,31654,30260,26926,24001,25845,19323,15712,12091,9001,5316,2707
England and Wales District,E08000035,Leeds,751485,47844,40581,40167,52835,71874,59860,53456,50021,52285,50442,44050,38294,40178,30220,26235,22229,16332,9600,4982
England and Wales District,E08000036,Wakefield,325837,19545,17643,18774,20019,19566,20773,18597,21324,25390,25157,22633,20053,21221,16902,13440,10611,7527,4504,2158
England and Wales District,W06000001,Anglesey,69751,3878,3464,3746,3851,3863,3603,3563,3846,4641,4750,4817,4622,5461,4759,3815,2847,2199,1249,777
England and Wales District,W06000002,Gwynedd,121874,6819,6178,6610,8348,9719,6472,6060,6736,7918,8154,7864,7323,8533,7391,5739,4802,3763,2278,1167
England and Wales District,W06000003,Conwy,115228,5839,5506,6418,6602,5798,5404,5350,6036,7693,8304,7939,7333,8844,7604,6362,5558,4363,2729,1546
England and Wales District,W06000004,Denbighshire,93734,5323,4961,5473,6009,5212,4525,4496,5353,6420,6925,6223,5965,7159,5791,4794,3709,2813,1656,927
England and Wales District,W06000005,Flintshire,152506,9349,8373,8997,9497,8970,8547,8377,9724,11475,11715,10113,9504,11029,8455,6844,4929,3455,2060,1093
England and Wales District,W06000006,Wrexham,134844,8829,7617,7736,8043,8439,8825,8212,8813,9971,9725,8640,8285,8858,7126,5390,4256,3202,1858,1019
England and Wales District,W06000008,Ceredigion,75922,3472,3346,3642,6632,8191,3614,3304,3654,4325,4738,4841,4884,5574,4724,3694,2957,2194,1406,730
England and Wales District,W06000009,Pembrokeshire,122439,6784,6358,7383,7481,6710,5860,5770,6379,8046,9065,8197,8188,9525,7910,6470,5174,3673,2289,1177
England and Wales District,W06000010,Carmarthenshire,183777,10310,9697,10642,11345,10598,9531,9330,10234,12228,13568,12528,12242,13348,11419,8924,7273,5378,3449,1733
England and Wales District,W06000011,Swansea,239023,13110,12439,13214,16049,20520,15559,14389,14713,15929,16301,15156,13856,14976,12048,10108,8636,6265,3815,1940
England and Wales District,W06000012,Neath Port Talbot,139812,7599,7316,8020,8520,8112,8702,8311,8540,9759,10380,9758,9261,9483,7641,6221,4901,3836,2295,1157
England and Wales District,W06000013,Bridgend,139178,7727,7579,8369,8397,8234,8439,8332,9136,10456,10633,9366,8521,9135,7518,6251,4761,3284,2054,986
England and Wales District,W06000014,The Vale of Glamorgan,126336,7333,6918,7902,8152,6825,6969,7237,7958,8943,9463,8883,8211,8487,6824,5543,4260,3275,2134,1019
England and Wales District,W06000015,Cardiff,346090,22378,18080,18538,25870,38735,30515,25290,22195,22461,22410,20231,17337,16498,12204,10501,9043,6906,4703,2195
England and Wales District,W06000016,"Rhondda, Cynon, Taff",234410,14449,13140,13885,14882,16178,14818,14131,14623,16884,16796,15244,13854,15453,12186,9818,7706,5304,3383,1676
England and Wales District,W06000018,Caerphilly,178806,11313,10430,10991,11318,10820,11222,10989,11408,13256,13057,11790,10832,11815,9276,7414,5706,3761,2332,1076
England and Wales District,W06000019,Blaenau Gwent,69814,4016,3557,4053,4645,4636,4284,3996,4195,5378,5228,4636,4094,4619,3913,3052,2422,1593,993,504
England and Wales District,W06000020,Torfaen,91075,5381,5033,5620,6078,5588,5574,5069,5183,6457,6854,6189,5639,6040,4837,3807,3221,2347,1419,739
England and Wales District,W06000021,Monmouthshire,91323,4637,4771,5684,5729,4311,3812,4067,5075,6836,7641,6539,6281,6897,5630,4440,3718,2678,1683,894
England and Wales District,W06000022,Newport,145736,9543,8557,9402,9881,10041,9406,9161,8860,10798,10670,9356,7803,8507,6769,5775,4677,3382,2115,1033
England and Wales District,W06000023,Powys,132976,6582,6640,7947,7967,6465,5877,5843,6975,9000,9971,9221,9378,10864,9087,7145,5715,4211,2685,1403
England and Wales District,W06000024,Merthyr Tydfil,58802,3630,3119,3476,3824,3959,4170,3417,3409,4281,4363,4068,3510,3780,2895,2436,1931,1350,775,409
Scotland District,S12000005,Clackmannanshire,51400,2900,2700,3100,3200,2900,2900,3000,3500,4200,4200,3700,3300,3600,2800,2100,1500,1800,,
Scotland District,S12000006,Dumfries and Galloway,151300,7700,7400,8300,8800,7700,7400,6700,8200,10600,12000,11200,10800,11700,9800,8200,6600,8400,,
Scotland District,S12000008,East Ayrshire,122700,6800,6400,6900,7700,7500,7000,6700,7900,9700,9800,8900,7900,8300,6500,5400,4300,5100,,
Scotland District,S12000010,East Lothian,99700,5900,5500,5900,6400,5300,4800,5000,6500,8000,8200,7600,6300,6400,5200,4300,3500,4700,,
Scotland District,S12000011,East Renfrewshire,90600,5000,5600,6100,6100,5100,3500,4100,5300,7000,7700,7200,6000,5700,4500,3900,3400,4600,,
Scotland District,S12000013,Eilean Siar,27700,1400,1400,1500,1600,1200,1300,1400,1600,2100,2100,2000,2000,2200,1700,1500,1100,1600,,
Scotland District,S12000014,Falkirk,156000,9300,8400,8900,9300,8800,9300,9800,11300,12600,12400,11000,9500,10100,7600,6500,5100,6200,,
Scotland District,S12000015,Fife,365200,20800,19100,20200,22700,24100,20800,20800,23000,27400,28000,26100,23000,25000,19500,15700,12400,16500,,
Scotland District,S12000017,Highland,232100,12700,12400,13400,13300,11600,12800,12500,13900,16900,18500,17500,16600,17000,13300,10600,8400,10800,,
Scotland District,S12000018,Inverclyde,81500,4200,4000,4500,5100,5000,4700,4300,4800,6100,6900,6300,5300,5400,4300,3600,3000,3800,,
Scotland District,S12000019,Midlothian,83200,4900,4700,5100,5200,4800,4400,4700,5300,6400,6500,6100,5400,5800,4300,3500,2800,3300,,
Scotland District,S12000020,Moray,93300,5300,4900,5600,5900,5000,5300,5100,5700,7000,7200,6600,6000,6400,5100,4300,3500,4300,,
Scotland District,S12000021,North Ayrshire,138200,7400,7200,8000,8800,7900,7300,7100,8200,10200,10800,10000,9300,9900,8000,6600,5100,6200,,
Scotland District,S12000023,Orkney Islands,21400,1100,1000,1200,1300,1100,1000,1100,1200,1600,1700,1600,1500,1600,1300,1100,700,1000,,
Scotland District,S12000024,Perth and Kinross,146700,7300,7300,8700,8700,7500,8100,7600,8400,10700,11700,10600,10000,10600,8500,7200,5800,8100,,
Scotland District,S12000026,Scottish Borders,113900,5700,5900,6300,6400,5300,5000,5100,6700,8700,9200,8700,8000,8900,7100,5900,4600,6300,,
Scotland District,S12000027,Shetland Islands,23200,1400,1300,1500,1400,1300,1200,1400,1500,1700,1800,1600,1600,1600,1200,900,700,900,,
Scotland District,S12000028,South Ayrshire,112800,5500,5400,6200,6400,6200,5500,5400,6400,7900,8800,8500,7900,8400,7200,5900,4800,6400,,
Scotland District,S12000029,South Lanarkshire,313800,17400,16500,17900,19200,17600,18200,18400,20800,24700,25500,23900,21100,19800,15900,13300,10600,13100,,
Scotland District,S12000030,Stirling,90200,4400,4800,5600,6600,7200,4900,4500,5300,6700,7100,6300,5400,5800,4600,3900,3100,3900,,
Scotland District,S12000033,Aberdeen City,222800,11500,9200,9400,14700,23200,21200,17000,14700,14800,15400,14300,12800,12500,8500,7700,6700,9100,,
Scotland District,S12000034,Aberdeenshire,253000,15100,14000,15100,15300,13100,13200,14600,17400,20100,20600,18800,17400,17500,12600,10000,7800,10300,,
Scotland District,S12000035,Argyll and Bute,88200,4100,4300,4900,5100,4400,4200,3900,4800,6200,6900,6500,6300,7200,5900,4900,3700,4900,,
Scotland District,S12000036,City of Edinburgh,476600,26200,20500,21100,28500,47800,45300,38500,34100,32800,32900,29900,25500,25100,18100,16000,13800,20600,,
Scotland District,S12000038,Renfrewshire,174900,9600,9100,9900,10800,11000,10700,10100,10900,13700,14400,13200,11000,11000,8700,7500,5900,7400,,
Scotland District,S12000039,West Dunbartonshire,90700,5200,4700,5000,5800,5800,5800,5200,5500,6900,7400,6900,6000,5700,4400,3700,3000,3800,,
Scotland District,S12000040,West Lothian,175100,11600,10700,10800,11100,10400,10800,10900,12900,14700,14500,12300,10300,10400,8000,6300,4600,4900,,
Scotland District,S12000041,Angus,116000,6000,6100,6800,6900,6000,6000,6000,6900,8300,9100,8300,7800,8700,6700,5600,4600,6200,,
Scotland District,S12000042,Dundee City,147300,7800,6800,7400,10800,15300,11700,8900,8000,9300,10200,9900,8000,8500,6400,6000,5200,7000,,
Scotland District,S12000044,North Lanarkshire,337800,20600,19500,20600,21400,21000,21800,21500,23200,26800,26900,23600,20500,20200,15700,13300,10100,11400,,
Scotland District,S12000045,East Dunbartonshire,105000,5200,5700,6400,7000,6000,4300,4500,5900,7800,8900,8400,7300,7300,5800,5200,4300,5200,,
Scotland District,S12000046,Glasgow City,593200,33000,27100,29300,39400,56600,55000,46100,40100,43100,43500,38300,31200,28400,22100,20300,17300,22400,,
Northern Ireland District,95A,Derry,107877,7574,7003,7891,8641,7811,8010,6838,7155,8130,8094,6765,5758,5355,4321,3277,2436,1613,828,377
Northern Ireland District,95B,Limavady,33536,2317,2107,2337,2445,2330,2208,2272,2509,2649,2424,2077,1896,1730,1452,1100,706,521,321,135
Northern Ireland District,95C,Coleraine,59067,3470,3348,3843,4410,4222,3288,3315,3662,4245,4525,4029,3450,3371,3020,2529,1904,1290,790,356
Northern Ireland District,95D,Ballymoney,31224,2110,1999,2099,2078,2043,2014,2084,2196,2421,2366,1995,1622,1545,1488,1114,907,643,345,155
Northern Ireland District,95E,Moyle,17050,1053,1030,1158,1094,1094,957,922,1108,1224,1226,1171,1085,1007,949,744,524,363,239,102
Northern Ireland District,95F,Larne,32180,1860,1869,2037,2064,1937,1804,1744,2035,2398,2630,2333,1955,2030,1721,1329,1058,733,405,238
Northern Ireland District,95G,Ballymena,64044,4099,3957,3990,4040,3932,3980,3967,4367,4983,4486,4071,3836,3682,3286,2520,2064,1540,843,401
Northern Ireland District,95H,Magherafelt,45038,3524,3116,3234,3269,3278,3116,3188,3213,3297,3104,2669,2299,2102,1770,1357,1101,746,437,218
Northern Ireland District,95I,Cookstown,37013,2802,2444,2503,2665,2792,2701,2729,2657,2544,2518,2262,1864,1774,1523,1161,836,674,373,191
Northern Ireland District,95J,Strabane,39843,2685,2508,3013,2894,2588,2471,2607,2818,3087,2938,2410,2117,2120,1751,1426,1061,766,389,194
Northern Ireland District,95K,Omagh,51356,3679,3462,3764,3736,3327,3478,3428,3480,3634,3716,3379,2977,2581,2084,1665,1271,899,540,256
Northern Ireland District,95L,Fermanagh,61805,4190,3910,4181,4114,3809,3930,4012,4205,4406,4454,4115,3661,3594,2843,2182,1739,1289,800,371
Northern Ireland District,95M,Dungannon,57852,4540,4029,4037,4011,4121,4408,4270,4225,4128,3891,3475,2879,2666,2252,1768,1367,949,539,297
Northern Ireland District,95N,Craigavon,93023,7316,5983,6013,6174,6392,6838,6675,6489,6884,6644,5659,4737,4602,4019,3156,2412,1651,947,432
Northern Ireland District,95O,Armagh,59340,4309,3881,4128,4173,3977,4059,3763,4073,4208,4189,3808,3184,3166,2691,2080,1529,1167,667,288
Northern Ireland District,95P,Newry and Mourne,99480,7720,6970,7261,7239,6763,7238,6744,6926,7314,7082,6053,5282,4632,3850,3004,2415,1643,953,391
Northern Ireland District,95Q,Banbridge,48339,3661,3234,3260,3093,2951,3063,3275,3481,3814,3684,3163,2558,2406,2139,1585,1277,893,544,258
Northern Ireland District,95R,Down,69731,4803,4347,4832,5029,4668,4418,4136,4457,5021,5153,4568,3999,3884,3288,2520,1955,1356,873,424
Northern Ireland District,95S,Lisburn,120165,8844,7668,8241,8700,7689,7814,8105,7971,8951,8885,7949,6549,6140,5329,4076,3213,2186,1195,660
Northern Ireland District,95T,Antrim,53428,3975,3555,3685,3494,3426,3618,3613,3914,4111,3998,3294,2851,2823,2442,1747,1320,831,493,238
Northern Ireland District,95U,Newtownabbey,85139,5892,5190,5238,5933,5673,5360,5733,5875,6172,6180,5571,4693,4514,3962,3152,2550,1939,1058,454
Northern Ireland District,95V,Carrickfergus,39114,2350,2282,2496,2726,2412,2197,2272,2551,3081,3227,2780,2307,2180,1993,1508,1212,828,475,237
Northern Ireland District,95W,North Down,78937,4765,4355,4480,4625,4470,4760,4735,5117,5714,5779,5438,5023,5204,4775,3123,2612,1965,1309,688
Northern Ireland District,95X,Ards,78078,4747,4654,4879,4782,4404,4366,4526,5112,5851,5865,5532,4886,5208,4590,3153,2341,1677,966,539
Northern Ireland District,95Y,Castlereagh,67242,4051,3768,4167,4409,3782,3718,4179,4570,5197,5606,4891,3755,3335,3237,2728,2355,1950,1099,445
Northern Ireland District,95Z,Belfast,280962,18046,14618,16267,20403,26122,24285,20707,18094,18384,18981,17476,14049,12639,11346,9475,8193,6254,3737,1886